energy_GeV,pdg_id,particle_name,model_yield
3.500000,211,pi+,68.956138
3.500000,-211,pi-,80.925683
3.500000,321,K+,13.728957
3.500000,-321,K-,5.135851
3.500000,310,Ks0,9.886440
3.500000,2212,p,52.492194
3.500000,-2212,pbar,0.064324
3.500000,3122,Lambda,11.740014
3.500000,-3122,Lambda_bar,0.052532
3.500000,3312,Xi,0.653185
3.500000,-3312,Xi_bar,0.003105
3.500000,333,phi,0.753296
