energy_GeV,pdg_id,particle_name,model_yield
4.500000,211,pi+,76.332742
4.500000,-211,pi-,87.068511
4.500000,321,K+,16.033419
4.500000,-321,K-,6.814270
4.500000,310,Ks0,11.627689
4.500000,2212,p,50.999394
4.500000,-2212,pbar,0.133682
4.500000,3122,Lambda,13.264787
4.500000,-3122,Lambda_bar,0.107724
4.500000,3312,Xi,0.878986
4.500000,-3312,Xi_bar,0.013161
4.500000,333,phi,1.039252
