energy_GeV,pdg_id,particle_name,model_yield
5.200000,211,pi+,62.553407
5.200000,-211,pi-,75.493126
5.200000,321,K+,11.806951
5.200000,-321,K-,3.898702
5.200000,310,Ks0,8.447779
5.200000,2212,p,53.993016
5.200000,-2212,pbar,0.031256
5.200000,3122,Lambda,10.410647
5.200000,-3122,Lambda_bar,0.025811
5.200000,3312,Xi,0.487860
5.200000,-3312,Xi_bar,0.000740
5.200000,333,phi,0.549099
