energy_GeV,pdg_id,particle_name,model_yield
3.900000,211,pi+,35.446907
3.900000,-211,pi-,50.143530
3.900000,321,K+,4.964471
3.900000,-321,K-,0.804185
3.900000,310,Ks0,3.414237
3.900000,2212,p,63.426676
3.900000,-2212,pbar,0.000528
3.900000,3122,Lambda,5.267805
3.900000,-3122,Lambda_bar,0.000470
3.900000,3312,Xi,0.093085
3.900000,-3312,Xi_bar,0.000000
3.900000,333,phi,0.091182
