energy_GeV,pdg_id,particle_name,model_yield
3.200000,211,pi+,19.078760
3.200000,-211,pi-,32.093597
3.200000,321,K+,1.929781
3.200000,-321,K-,0.143767
3.200000,310,Ks0,1.271121
3.200000,2212,p,75.603929
3.200000,-2212,pbar,0.000006
3.200000,3122,Lambda,2.505932
3.200000,-3122,Lambda_bar,0.000006
3.200000,3312,Xi,0.015285
3.200000,-3312,Xi_bar,0.000000
3.200000,333,phi,0.012868
