energy_GeV,pdg_id,particle_name,model_yield
5.200000,211,pi+,79.323277
5.200000,-211,pi-,89.510923
5.200000,321,K+,17.002300
5.200000,-321,K-,7.583262
5.200000,310,Ks0,12.363284
5.200000,2212,p,50.446051
5.200000,-2212,pbar,0.176281
5.200000,3122,Lambda,13.891624
5.200000,-3122,Lambda_bar,0.141333
5.200000,3312,Xi,0.983422
5.200000,-3312,Xi_bar,0.022722
5.200000,333,phi,1.173724
