energy_GeV,pdg_id,particle_name,model_yield
7.700000,211,pi+,82.663193
7.700000,-211,pi-,92.208400
7.700000,321,K+,18.107334
7.700000,-321,K-,8.505348
7.700000,310,Ks0,13.204575
7.700000,2212,p,49.858880
7.700000,-2212,pbar,0.237208
7.700000,3122,Lambda,14.597339
7.700000,-3122,Lambda_bar,0.189152
7.700000,3312,Xi,1.109346
7.700000,-3312,Xi_bar,0.040827
7.700000,333,phi,1.337456
