energy_GeV,pdg_id,particle_name,model_yield
3.200000,211,pi+,52.445968
3.200000,-211,pi-,66.453655
3.200000,321,K+,9.039908
3.200000,-321,K-,2.398285
3.200000,310,Ks0,6.387236
3.200000,2212,p,56.733097
3.200000,-2212,pbar,0.008971
3.200000,3122,Lambda,8.450016
3.200000,-3122,Lambda_bar,0.007595
3.200000,3312,Xi,0.293625
3.200000,-3312,Xi_bar,0.000064
3.200000,333,phi,0.316675
