energy_GeV,pdg_id,particle_name,model_yield
4.500000,211,pi+,49.083836
4.500000,-211,pi-,63.393506
4.500000,321,K+,8.156395
4.500000,-321,K-,1.987151
4.500000,310,Ks0,5.738080
4.500000,2212,p,57.835542
4.500000,-2212,pbar,0.005475
4.500000,3122,Lambda,7.783424
4.500000,-3122,Lambda_bar,0.004669
4.500000,3312,Xi,0.240522
4.500000,-3312,Xi_bar,0.000024
4.500000,333,phi,0.255126
