energy_GeV,pdg_id,particle_name,model_yield
3.500000,211,pi+,25.954039
3.500000,-211,pi-,40.058774
3.500000,321,K+,3.085885
3.500000,-321,K-,0.338158
3.500000,310,Ks0,2.076681
3.500000,2212,p,69.287003
3.500000,-2212,pbar,0.000056
3.500000,3122,Lambda,3.624674
3.500000,-3122,Lambda_bar,0.000052
3.500000,3312,Xi,0.037503
3.500000,-3312,Xi_bar,0.000000
3.500000,333,phi,0.034040
