energy_GeV,pdg_id,particle_name,model_yield
3.900000,211,pi+,75.636799
3.900000,-211,pi-,86.496308
3.900000,321,K+,15.810772
3.900000,-321,K-,6.642812
3.900000,310,Ks0,11.458932
3.900000,2212,p,51.132166
3.900000,-2212,pbar,0.125153
3.900000,3122,Lambda,13.119614
3.900000,-3122,Lambda_bar,0.100973
3.900000,3312,Xi,0.855778
3.900000,-3312,Xi_bar,0.011555
3.900000,333,phi,1.009546
