energy_GeV,pdg_id,particle_name,model_yield
3.000000,211,pi+,14.809677
3.000000,-211,pi-,26.740885
3.000000,321,K+,1.311328
3.000000,-321,K-,0.071110
3.000000,310,Ks0,0.848647
3.000000,2212,p,81.232880
3.000000,-2212,pbar,0.000001
3.000000,3122,Lambda,1.849417
3.000000,-3122,Lambda_bar,0.000001
3.000000,3312,Xi,0.007302
3.000000,-3312,Xi_bar,0.000000
3.000000,333,phi,0.005778
