energy_GeV,pdg_id,particle_name,model_yield
7.700000,211,"pi+",83.017970
7.700000,-211,"pi-",92.566659
7.700000,321,"K+",18.181798
7.700000,-321,"K-",8.561467
7.700000,310,"Ks0",13.267979
7.700000,2212,"p",49.829681
7.700000,-2212,"pbar",0.238769
7.700000,3122,"Lambda",14.618534
7.700000,-3122,"Lambda_bar",0.189891
7.700000,3312,"Xi",1.113760
7.700000,-3312,"Xi_bar",0.040889
7.700000,333,"phi",1.343407
