energy_GeV,pdg_id,particle_name,model_yield
3.200000,211,"pi+",18.098983
3.200000,-211,"pi-",30.382718
3.200000,2212,"p",74.250946
3.200000,-2212,"pbar",0.000008
3.200000,321,"K+",3.904970
3.200000,-321,"K-",0.201275
3.200000,310,"Ks0",2.458511
3.200000,3122,"Lambda",3.645884
3.200000,-3122,"Lambda_bar",0.000010
3.200000,3312,"Xi",0.054851
3.200000,-3312,"Xi_bar",0.000004
3.200000,333,"phi",0.012847
