energy_GeV,pdg_id,particle_name,model_yield
5.200000,211,"pi+",75.194558
5.200000,-211,"pi-",84.825042
5.200000,2212,"p",49.880077
5.200000,-2212,"pbar",0.188392
5.200000,321,"K+",17.433563
5.200000,-321,"K-",7.625352
5.200000,310,"Ks0",12.486373
5.200000,3122,"Lambda",14.650707
5.200000,-3122,"Lambda_bar",0.169675
5.200000,3312,"Xi",1.237132
5.200000,-3312,"Xi_bar",0.045102
5.200000,333,"phi",1.172537
