energy_GeV,pdg_id,particle_name,model_yield
3.000000,211,"pi+",14.930807
3.000000,-211,"pi-",26.907054
3.000000,2212,"p",81.240852
3.000000,-2212,"pbar",0.000002
3.000000,321,"K+",3.025388
3.000000,-321,"K-",0.110042
3.000000,310,"Ks0",1.938192
3.000000,3122,"Lambda",2.886195
3.000000,-3122,"Lambda_bar",0.000002
3.000000,3312,"Xi",0.032137
3.000000,-3312,"Xi_bar",0.000001
3.000000,333,"phi",0.005778
