energy_GeV,pdg_id,particle_name,model_yield
3.000000,211,"pi+",14.930293
3.000000,-211,"pi-",26.906154
3.000000,2212,"p",81.240709
3.000000,-2212,"pbar",0.000002
3.000000,321,"K+",3.045000
3.000000,-321,"K-",0.109346
3.000000,310,"Ks0",1.950220
3.000000,3122,"Lambda",2.867634
3.000000,-3122,"Lambda_bar",0.000002
3.000000,3312,"Xi",0.031723
3.000000,-3312,"Xi_bar",0.000001
3.000000,333,"phi",0.005778
