energy_GeV,pdg_id,particle_name,model_yield
7.700000,211,"pi+",77.926297
7.700000,-211,"pi-",87.242594
7.700000,2212,"p",49.109198
7.700000,-2212,"pbar",0.237810
7.700000,321,"K+",17.929617
7.700000,-321,"K-",8.230080
7.700000,310,"Ks0",13.000106
7.700000,3122,"Lambda",14.920329
7.700000,-3122,"Lambda_bar",0.210725
7.700000,3312,"Xi",1.306901
7.700000,-3312,"Xi_bar",0.055151
7.700000,333,"phi",1.275690
