energy_GeV,pdg_id,particle_name,model_yield
7.700000,211,"pi+",83.611617
7.700000,-211,"pi-",93.193809
7.700000,2212,"p",49.853032
7.700000,-2212,"pbar",0.240535
7.700000,321,"K+",19.816741
7.700000,-321,"K-",8.719006
7.700000,310,"Ks0",14.190080
7.700000,3122,"Lambda",14.904604
7.700000,-3122,"Lambda_bar",0.210702
7.700000,3312,"Xi",1.284089
7.700000,-3312,"Xi_bar",0.054416
7.700000,333,"phi",1.343407
