energy_GeV,pdg_id,particle_name,model_yield
4.500000,211,"pi+",42.742408
4.500000,-211,"pi-",54.912572
4.500000,2212,"p",56.273066
4.500000,-2212,"pbar",0.004681
4.500000,321,"K+",10.640155
4.500000,-321,"K-",2.097859
4.500000,310,"Ks0",6.723159
4.500000,3122,"Lambda",9.039377
4.500000,-3122,"Lambda_bar",0.004983
4.500000,3312,"Xi",0.415122
4.500000,-3312,"Xi_bar",0.001596
4.500000,333,"phi",0.254500
