energy_GeV,pdg_id,particle_name,model_yield
3.200000,211,"pi+",45.769147
3.200000,-211,"pi-",58.036871
3.200000,2212,"p",57.615523
3.200000,-2212,"pbar",0.007534
3.200000,321,"K+",11.173248
3.200000,-321,"K-",2.487432
3.200000,310,"Ks0",7.153965
3.200000,3122,"Lambda",10.144039
3.200000,-3122,"Lambda_bar",0.008030
3.200000,3312,"Xi",0.507787
3.200000,-3312,"Xi_bar",0.002559
3.200000,333,"phi",0.317114
