energy_GeV,pdg_id,particle_name,model_yield
4.500000,211,"pi+",71.501338
4.500000,-211,"pi-",81.536565
4.500000,2212,"p",50.872810
4.500000,-2212,"pbar",0.136071
4.500000,321,"K+",16.738891
4.500000,-321,"K-",6.843315
4.500000,310,"Ks0",11.797470
4.500000,3122,"Lambda",14.242325
4.500000,-3122,"Lambda_bar",0.125230
4.500000,3312,"Xi",1.142393
4.500000,-3312,"Xi_bar",0.033994
4.500000,333,"phi",1.039020
