energy_GeV,pdg_id,particle_name,model_yield
3.900000,211,"pi+",70.657268
3.900000,-211,"pi-",80.781967
3.900000,2212,"p",51.093442
3.900000,-2212,"pbar",0.126072
3.900000,321,"K+",16.576350
3.900000,-321,"K-",6.670169
3.900000,310,"Ks0",11.640892
3.900000,3122,"Lambda",14.142194
3.900000,-3122,"Lambda_bar",0.116597
3.900000,3312,"Xi",1.120716
3.900000,-3312,"Xi_bar",0.031804
3.900000,333,"phi",1.009477
