energy_GeV,pdg_id,particle_name,model_yield
3.500000,211,"pi+",62.853238
3.500000,-211,"pi-",73.754739
3.500000,2212,"p",53.068398
3.500000,-2212,"pbar",0.059595
3.500000,321,"K+",15.008719
3.500000,-321,"K-",5.165598
3.500000,310,"Ks0",10.207611
3.500000,3122,"Lambda",13.102243
3.500000,-3122,"Lambda_bar",0.057635
3.500000,3312,"Xi",0.921132
3.500000,-3312,"Xi_bar",0.016451
3.500000,333,"phi",0.754034
