energy_GeV,pdg_id,particle_name,model_yield
5.200000,211,"pi+",56.720801
5.200000,-211,"pi-",68.131119
5.200000,2212,"p",53.269928
5.200000,-2212,"pbar",0.027068
5.200000,321,"K+",14.055619
5.200000,-321,"K-",3.978873
5.200000,310,"Ks0",9.235260
5.200000,3122,"Lambda",11.451693
5.200000,-3122,"Lambda_bar",0.026788
5.200000,3312,"Xi",0.701036
5.200000,-3312,"Xi_bar",0.007858
5.200000,333,"phi",0.548435
