energy_GeV,pdg_id,particle_name,model_yield
3.500000,211,"pi+",23.248470
3.500000,-211,"pi-",35.781291
3.500000,2212,"p",67.091223
3.500000,-2212,"pbar",0.000060
3.500000,321,"K+",5.356956
3.500000,-321,"K-",0.423868
3.500000,310,"Ks0",3.324183
3.500000,3122,"Lambda",4.872067
3.500000,-3122,"Lambda_bar",0.000072
3.500000,3312,"Xi",0.105506
3.500000,-3312,"Xi_bar",0.000028
3.500000,333,"phi",0.033942
