energy_GeV,pdg_id,particle_name,model_yield
3.900000,211,"pi+",30.724973
3.900000,-211,"pi-",43.283449
3.900000,2212,"p",61.180440
3.900000,-2212,"pbar",0.000489
3.900000,321,"K+",7.445123
3.900000,-321,"K-",0.915963
3.900000,310,"Ks0",4.609700
3.900000,3122,"Lambda",6.576541
3.900000,-3122,"Lambda_bar",0.000558
3.900000,3312,"Xi",0.205730
3.900000,-3312,"Xi_bar",0.000197
3.900000,333,"phi",0.090888
