energy_GeV,pdg_id,particle_name,data_yield,data_err,model_yield
62.400000,-3122,"anti-Lambda",7.252200,1.040042,6.312932
62.400000,-2212,"anti-p",8.965844,1.825288,10.801016
62.400000,-321,"K-",32.400000,2.300000,34.845386
62.400000,-211,"pi-",237.000000,17.000000,214.473178
62.400000,211,"pi+",233.000000,17.000000,211.369749
62.400000,321,"K+",37.600000,2.700000,40.208497
62.400000,2212,"p",19.046916,4.075856,25.126115
62.400000,3122,"Lambda",15.576031,2.306688,12.253084
