energy_GeV,gc_effective_T_MeV,gc_effective_muB_MeV,gc_effective_muS_MeV,gc_effective_muQ_MeV,gc_effective_gammaS,gc_effective_R_fm,sce_effective_T_MeV,sce_effective_muB_MeV,sce_effective_muQ_MeV,sce_effective_gammaS,sce_effective_Rc_fm,sce_effective_R_fm
3,81.662316,751.420185,170.384385,-22.904400,1.000000,8.076258,81.662316,751.420185,-22.904400,1.000000,3.688143,8.076258
3.2,87.015346,722.654510,163.861774,-21.981288,1.000000,7.881466,91.105565,700.674821,-21.275943,1.000000,3.531219,7.732627
3.5,94.608465,681.851220,154.609635,-20.671880,1.000000,7.605160,102.579014,639.019731,-19.297385,1.000000,3.340558,7.315120
3.9,103.918043,631.824168,143.266011,-19.066474,1.000000,7.266394,114.200016,576.571735,-17.293383,1.000000,3.147445,6.892243
4.5,116.136839,566.163793,128.377533,-16.959384,1.000000,6.821764,126.334946,511.362032,-15.200755,1.000000,2.945791,6.450665
5.2,127.744731,503.786247,114.233436,-14.957642,1.000000,6.399364,135.375381,462.781276,-13.641762,1.000000,2.795561,6.121692
7.7,145.927461,406.077367,92.077966,-11.822091,1.000000,5.737712,145.927461,406.077367,-11.822091,1.000000,2.620211,5.737712
