energy_GeV,n_points,T_MeV,T_err_MeV,muB_MeV,muB_err_MeV,muS_MeV,muS_err_MeV,gammaS,gammaS_err,R_fm,R_err_fm,dVdy_fm3,dVdy_err_fm3,chi2,ndf,chi2_ndf,input_file
7.700000,10,145.927461,2.758287,406.077367,13.617797,93.001955,7.783812,1.000000,0.000000,5.737712,0.346432,791.233739,143.319436,7.760686,6,1.293448,data/thermus_inputs/sqrts_7p7GeV.txt
11.500000,10,151.348356,2.753178,296.997188,12.538256,67.674871,7.452674,1.000000,0.000000,6.069629,0.360183,936.645225,166.746832,6.928071,6,1.154679,data/thermus_inputs/sqrts_11p5GeV.txt
19.600000,10,158.384037,2.908508,192.952237,10.173849,42.112641,6.918569,1.000000,0.000000,6.085055,0.365681,943.804708,170.153703,8.063743,6,1.343957,data/thermus_inputs/sqrts_19p6GeV.txt
27.000000,10,160.837842,2.866927,151.465579,9.975291,35.871697,6.768710,1.000000,0.000000,6.088741,0.349106,945.520814,162.638125,6.351939,6,1.058657,data/thermus_inputs/sqrts_27GeV.txt
39.000000,10,162.312563,3.595295,105.503755,11.556227,23.032701,8.110369,1.000000,0.000000,6.120576,0.397818,960.429613,187.274475,5.934115,6,0.989019,data/thermus_inputs/sqrts_39GeV.txt
62.400000,8,165.613887,5.831952,71.667223,15.457484,16.209286,8.023128,1.000000,0.000000,6.344302,0.559407,1069.646175,282.947132,17.047961,4,4.261990,data/thermus_inputs/sqrts_62p4GeV.txt
200.000000,10,166.119322,3.321406,27.073995,12.395215,6.248377,8.187229,1.000000,0.000000,7.227416,0.428777,1581.385555,281.454182,10.197357,6,1.699560,data/thermus_inputs/sqrts_200GeV.txt
