energy_GeV,pdg_id,particle_name,model_yield
62.400000,211,"pi+",203.021186
62.400000,-211,"pi-",202.969884
62.400000,2212,"p",24.957306
62.400000,-2212,"pbar",10.653640
62.400000,321,"K+",41.262640
62.400000,-321,"K-",35.813748
62.400000,310,"Ks0",37.543340
62.400000,3122,"Lambda",12.216119
62.400000,-3122,"Lambda_bar",6.317052
62.400000,3312,"Xi",1.790693
62.400000,-3312,"Xi_bar",1.114435
62.400000,333,"phi",5.197350
