energy_GeV,pdg_id,particle_name,model_yield
19.600000,211,"pi+",136.103011
19.600000,-211,"pi-",136.008382
19.600000,2212,"p",30.903802
19.600000,-2212,"pbar",2.769494
19.600000,321,"K+",30.057298
19.600000,-321,"K-",20.251429
19.600000,310,"Ks0",24.515640
19.600000,3122,"Lambda",12.650006
19.600000,-3122,"Lambda_bar",1.922168
19.600000,3312,"Xi",1.546534
19.600000,-3312,"Xi_bar",0.392055
19.600000,333,"phi",3.136364
