energy_GeV,pdg_id,particle_name,model_yield
39.000000,211,"pi+",157.790804
39.000000,-211,"pi-",157.732125
39.000000,2212,"p",22.722374
39.000000,-2212,"pbar",6.280364
39.000000,321,"K+",32.899571
39.000000,-321,"K-",26.694407
39.000000,310,"Ks0",29.027997
39.000000,3122,"Lambda",10.593718
39.000000,-3122,"Lambda_bar",3.873721
39.000000,3312,"Xi",1.476480
39.000000,-3312,"Xi_bar",0.707833
39.000000,333,"phi",3.922773
