energy_GeV,pdg_id,particle_name,model_yield
27.000000,211,"pi+",148.995513
27.000000,-211,"pi-",148.913540
27.000000,2212,"p",27.367325
27.000000,-2212,"pbar",4.263064
27.000000,321,"K+",32.591795
27.000000,-321,"K-",23.297385
27.000000,310,"Ks0",27.230013
27.000000,3122,"Lambda",11.742554
27.000000,-3122,"Lambda_bar",2.845002
27.000000,3312,"Xi",1.506783
27.000000,-3312,"Xi_bar",0.559908
27.000000,333,"phi",3.588193
