energy_GeV,pdg_id,particle_name,model_yield
200.000000,211,"pi+",303.204871
200.000000,-211,"pi-",303.176095
200.000000,2212,"p",29.106062
200.000000,-2212,"pbar",21.124229
200.000000,321,"K+",59.322455
200.000000,-321,"K-",56.174097
200.000000,310,"Ks0",56.254083
200.000000,3122,"Lambda",15.127377
200.000000,-3122,"Lambda_bar",11.816983
200.000000,3312,"Xi",2.351846
200.000000,-3312,"Xi_bar",1.972430
200.000000,333,"phi",7.855488
