energy_GeV,pdg_id,particle_name,model_yield
11.500000,211,"pi+",110.637459
11.500000,-211,"pi-",110.517940
11.500000,2212,"p",40.936957
11.500000,-2212,"pbar",0.835988
11.500000,321,"K+",26.117138
11.500000,-321,"K-",13.198141
11.500000,310,"Ks0",19.176429
11.500000,3122,"Lambda",13.714797
11.500000,-3122,"Lambda_bar",0.682425
11.500000,3312,"Xi",1.364904
11.500000,-3312,"Xi_bar",0.161563
11.500000,333,"phi",2.137703
