energy_GeV,pdg_id,particle_name,model_yield
7.700000,211,"pi+",89.007654
7.700000,-211,"pi-",88.880077
7.700000,2212,"p",54.221901
7.700000,-2212,"pbar",0.220099
7.700000,321,"K+",21.086832
7.700000,-321,"K-",8.184638
7.700000,310,"Ks0",14.295987
7.700000,3122,"Lambda",14.788867
7.700000,-3122,"Lambda_bar",0.211565
7.700000,3312,"Xi",1.192411
7.700000,-3312,"Xi_bar",0.058305
7.700000,333,"phi",1.337456
