energy_GeV,pdg_id,particle_name,model_yield
62.400000,211,"pi+",203.506763
62.400000,-211,"pi-",203.451778
62.400000,2212,"p",30.109538
62.400000,-2212,"pbar",13.750662
62.400000,321,"K+",41.263929
62.400000,-321,"K-",35.474782
62.400000,310,"Ks0",37.413562
62.400000,3122,"Lambda",14.716615
62.400000,-3122,"Lambda_bar",8.394464
62.400000,3312,"Xi",2.194037
62.400000,-3312,"Xi_bar",1.547765
62.400000,333,"phi",5.473013
